[
  {
    "id": "87706eea-c1e6-45ba-bc3a-48ff2373df9a",
    "data": [
      {
        "text": "When will my product arrive?",
        "userDefined": false
      }
    ],
    "isTemplate": false,
    "count": 0,
    "updated": 1528467981
  },
  {
    "id": "e53e89d6-c994-4da1-9f2d-637c0a222738",
    "data": [
      {
        "text": "What\u0027s my order status?",
        "userDefined": false
      }
    ],
    "isTemplate": false,
    "count": 0,
    "updated": 1528467981
  },
  {
    "id": "b3ef6116-bd7f-4658-a2a7-25abaa41aa36",
    "data": [
      {
        "text": "I\u0027ve completed the order but haven\u0027t received any product yet",
        "userDefined": false
      }
    ],
    "isTemplate": false,
    "count": 0,
    "updated": 1528467981
  },
  {
    "id": "71a600bb-b64b-4ea7-8c45-696a2da03c9a",
    "data": [
      {
        "text": "When will my order arrive?",
        "userDefined": false
      }
    ],
    "isTemplate": false,
    "count": 0,
    "updated": 1528467981
  },
  {
    "id": "b6eb5de2-9c03-4f80-8f72-a64802028364",
    "data": [
      {
        "text": "what\u0027s status for order id ",
        "userDefined": false
      },
      {
        "text": "12345",
        "alias": "OrderID",
        "meta": "@sys.number",
        "userDefined": false
      },
      {
        "text": "?",
        "userDefined": false
      }
    ],
    "isTemplate": false,
    "count": 0,
    "updated": 1528467981
  },
  {
    "id": "31f6779c-7ffb-4ef3-b8e5-43bdc09f7c91",
    "data": [
      {
        "text": "What has happened to my order?",
        "userDefined": false
      }
    ],
    "isTemplate": false,
    "count": 0,
    "updated": 1528467981
  }
]