[
  {
    "id": "9af3b5b2-e30d-47ee-8eab-3ee9876b8dab",
    "data": [
      {
        "text": "How are you?",
        "userDefined": false
      }
    ],
    "isTemplate": false,
    "count": 0,
    "updated": 1528467304
  },
  {
    "id": "e0cec060-328f-49ae-a9d8-88596454e4ef",
    "data": [
      {
        "text": "Hi",
        "userDefined": false
      }
    ],
    "isTemplate": false,
    "count": 0,
    "updated": 1528467304
  },
  {
    "id": "231d5993-203d-44e2-9939-0c8549c04197",
    "data": [
      {
        "text": "Hey",
        "userDefined": false
      }
    ],
    "isTemplate": false,
    "count": 0,
    "updated": 1528467304
  },
  {
    "id": "919b18f0-ec9e-427e-9b7d-3e8ecbcc8a86",
    "data": [
      {
        "text": "Hello",
        "userDefined": false
      }
    ],
    "isTemplate": false,
    "count": 0,
    "updated": 1528467304
  }
]